{"q_lower": [-0.0562463104724884, -0.04942926615476609, -0.12296247482299805, -0.05916598066687584, -0.049494446702301506, -0.12199340581893922, -0.06487450540065766, -0.048804283142089844, -0.12228697001934052, -0.0770511893182993, -0.048270415514707565, -0.11826350688934326, -0.08911120891571045, -0.04901319369673729, -0.12249613285064698], "q_upper": [0.058538779616355896, 0.9725202322006226, 0.12751812219619768, 0.06069798842072492, 0.9720370769500732, 0.12094704627990738, 0.06706408478319645, 0.9723510098457337, 0.12257930755615254, 0.07632199041545394, 0.9750965356826785, 0.12193348586559298, 0.08802430331707001, 0.9738962650299072, 0.1204061508178711]}