{"q_lower": [-0.05596816554665565, -0.02602481350302696, -0.04004049301147461, -0.07802368082106113, -0.02550339575856924, -0.0398712158203125, -0.10218419015407562, -0.02493762530386448, -0.039841651916503906, -0.1266891425848007, -0.025245580431073906, -0.03985453128814698, -0.15155693650245666, -0.02577203346416354, -0.039835453033447266], "q_upper": [0.05516141653060913, 2.2003298497199997, 0.038505794405937155, 0.07299125269055365, 2.2003488397598217, 0.038251579403877245, 0.09229004696011536, 2.199215903282165, 0.03821897506713867, 0.11211258292198178, 2.1999488830566385, 0.038151146173477146, 0.13218084573745714, 2.20082770347595, 0.0382561767101286]}