{"q_lower": [-0.056130945682525635, -0.03426671009510755, -0.21757962703704836, -0.07495682165026665, -0.033623198792338375, -0.21293401718139648, -0.09630700498819351, -0.033363208174705505, -0.2103518009185791, -0.11870235204696655, -0.034003064036369324, -0.2113771677017212, -0.14167103469371795, -0.03508753385394812, -0.21343374252319336], "q_upper": [0.05557198449969292, 2.095459222793579, 0.21746430397033656, 0.06942770779132834, 2.095139503479004, 0.2140974283218382, 0.08460234701633451, 2.095113754272461, 0.21288055181503163, 0.10136498883366526, 2.095697116851806, 0.2135203123092646, 0.119339220225811, 2.0970006465911855, 0.21647340059280396]}