{"q_lower": [-0.05694263204932213, -0.04731698837131262, -0.6616688060760498, -0.05341310054063797, -0.04721499979496002, -0.6466223359107973, -0.052964311093091965, -0.04694697543978691, -0.6535398435592653, -0.055489320307970054, -0.04842733725905419, -0.665165858268738, -0.060123561397194866, -0.05154890127480031, -0.6728901505470277], "q_upper": [0.05659624136984333, 0.2950726473331451, 0.6576809883117569, 0.053949579633771956, 0.2932160198688507, 0.6581473350524902, 0.052648843824863234, 0.29114753007888794, 0.6527402067184136, 0.054819024540483714, 0.2921927571296692, 0.6676728796958922, 0.06044423863291734, 0.2948721647262573, 0.6923989838361616]}