{"q_lower": [-0.05588071268051863, -0.02626045051962137, -0.04006481170654297, -0.07810875803232192, -0.025505834873765707, -0.039873600006103516, -0.10224558517336846, -0.024929437786340714, -0.03981208801269531, -0.1268754607439041, -0.025142773985862732, -0.039824485778808594, -0.15168607711791993, -0.025687281861901286, -0.03987455368041992], "q_upper": [0.05508363403379943, 2.194649739265449, 0.03848123550415039, 0.07283832132816315, 2.194388873577119, 0.03825026750564575, 0.09218260884285012, 2.1935806417465233, 0.038222551345825195, 0.11195725649595334, 2.194534349441536, 0.03817129135131836, 0.13210431039333392, 2.1963739585876496, 0.03825235366821289]}