{"q_lower": [-0.05620414614677429, -0.04952176660299301, -0.12296247482299805, -0.059109173715114594, -0.049527047015726564, -0.1218917369842529, -0.06488734185695648, -0.04870385266840458, -0.12222493886947629, -0.0770510733127594, -0.04834958184510469, -0.11846284866333005, -0.08916960656642912, -0.04897959642112254, -0.12207889556884766], "q_upper": [0.05849912762641907, 0.9729149580001821, 0.12755169868469196, 0.060657307505607605, 0.9720799922943115, 0.12100558280944773, 0.06705052554607388, 0.9728403091430664, 0.12269333600997914, 0.07628470659255981, 0.9754065752029415, 0.12187862396240234, 0.08799059689044947, 0.9741636753082262, 0.12116074562072754]}