{"q_lower": [-0.05709691323339939, -0.04747965559363365, -0.6622537469863893, -0.053571314886212355, -0.04730982825160027, -0.6465871715545655, -0.05305027216672897, -0.04703669250011444, -0.654660701751709, -0.0555944050475955, -0.048526575043797496, -0.6671109199523926, -0.060208022594451904, -0.051760585978627205, -0.6740370631217958], "q_upper": [0.056708107106387316, 0.2951338437199576, 0.6598919129371574, 0.05403243750333786, 0.2931670981645541, 0.6609598350524877, 0.05273184873163668, 0.2911098754405972, 0.6547465324401855, 0.054818840585648974, 0.2922115921974182, 0.6682721972465515, 0.06055043738335352, 0.2947467863559716, 0.6932802295684706]}